<?xml version="1.0" encoding="UTF-8"?>
<metadata xml:lang="fr"><Esri><CreaDate>20140708</CreaDate><CreaTime>08021700</CreaTime><SyncOnce>TRUE</SyncOnce><DataProperties><itemProps><itemLocation><linkage Sync="TRUE">file://\\vt09303a\tprod\TGAG\01_Datenbereitstellung\Musterdaten\2014\VECTOR200\LV03\ShapeFile_LV03\Transportation\VEC200_Roadnumber</linkage><protocol Sync="TRUE">Local Area Network</protocol></itemLocation></itemProps><copyHistory><copy source="T:\TGMM\3501-NationaleModelle\3501-02-VECTOR200\GN13_Produkt\Extraits_pour_le_web\VECTOR200_Extrait_LV03_shapefiles\VEC200_Roadnumber" dest="\\vt09303a\tprod\TGAG\01_Datenbereitstellung\Musterdaten\2014\VECTOR200\LV03\ShapeFile_LV03\Transportation\VEC200_Roadnumber" date="20140708" time="08021700"></copy></copyHistory></DataProperties></Esri></metadata>
