<?xml version="1.0" encoding="UTF-8"?>
<metadata xml:lang="fr"><Esri><CreaDate>20140708</CreaDate><CreaTime>08000500</CreaTime><SyncOnce>TRUE</SyncOnce><DataProperties><itemProps><itemLocation><linkage Sync="TRUE">file://\\vt09303a\tprod\TGAG\01_Datenbereitstellung\Musterdaten\2014\VECTOR200\LV03\ShapeFile_LV03\Transportation\VEC200_Ship</linkage><protocol Sync="TRUE">Local Area Network</protocol></itemLocation></itemProps><copyHistory><copy source="T:\TGMM\3501-NationaleModelle\3501-02-VECTOR200\GN13_Produkt\Extraits_pour_le_web\VECTOR200_Extrait_LV03_shapefiles\VEC200_Ship" dest="\\vt09303a\tprod\TGAG\01_Datenbereitstellung\Musterdaten\2014\VECTOR200\LV03\ShapeFile_LV03\Transportation\VEC200_Ship" date="20140708" time="08000500"></copy></copyHistory><lineage><Process ToolSource="c:\program files (x86)\arcgis\desktop10.2\ArcToolbox\Toolboxes\Data Management Tools.tbx\DeleteFeatures" Date="20140704" Time="164027">DeleteFeatures T:\TGMM\3501-NationaleModelle\3501-02-VECTOR200\GN13_Produkt\Extraits_pour_le_web\VECTOR200_Extrait_LV03_shapefiles\VEC200_Ship.shp</Process></lineage></DataProperties></Esri></metadata>
