<?xml version="1.0" encoding="UTF-8"?>
<metadata xml:lang="fr"><Esri><CreaDate>20140708</CreaDate><CreaTime>08015700</CreaTime><SyncOnce>TRUE</SyncOnce><DataProperties><lineage><Process ToolSource="c:\program files (x86)\arcgis\desktop10.1\ArcToolbox\Toolboxes\Data Management Tools.tbx\TableToRelationshipClass" Date="20140403" Time="091208">TableToRelationshipClass T:\TGMM\3501-NationaleModelle\3501-02-VECTOR200\GN13_Produkt\vec200\VECTOR200_Produkt_LV03.mdb\VEC200_ROADNUMBER T:\TGMM\3501-NationaleModelle\3501-02-VECTOR200\GN13_Produkt\vec200\VECTOR200_Produkt_LV03.mdb\VEC200_Transportation\VEC200_Road T:\TGMM\3501-NationaleModelle\3501-02-VECTOR200\GN13_Produkt\vec200\VECTOR200_Produkt_LV03.mdb\VEC200_Rel_Road_RoadNr SIMPLE ToVEC200_Road ToVEC200_ROADNUMBER NONE MANY_TO_MANY T:\TGMM\3501-NationaleModelle\3501-02-VECTOR200\GN13_Produkt\vec200\VECTOR200.mdb\VEC200_ROADNUMBER_ROAD_TABLE VEC200_ROAD_UUID;VEC200_ROADNUMBER_UUID UUID VEC200_ROAD_UUID UUID VEC200_ROADNUMBER_UUID</Process></lineage><itemProps><itemLocation><linkage Sync="TRUE">file://\\vt09303a\tprod\TGAG\01_Datenbereitstellung\Musterdaten\2014\VECTOR200\LV03\ShapeFile_LV03\Transportation\VEC200_Rel_Road_RoadNr</linkage><protocol Sync="TRUE">Local Area Network</protocol></itemLocation></itemProps><copyHistory><copy source="T:\TGMM\3501-NationaleModelle\3501-02-VECTOR200\GN13_Produkt\Extraits_pour_le_web\VECTOR200_Extrait_LV03_shapefiles\VEC200_Rel_Road_RoadNr" dest="\\vt09303a\tprod\TGAG\01_Datenbereitstellung\Musterdaten\2014\VECTOR200\LV03\ShapeFile_LV03\Transportation\VEC200_Rel_Road_RoadNr" date="20140708" time="08015700"></copy></copyHistory></DataProperties></Esri></metadata>
