<?xml version="1.0" encoding="UTF-8"?>
<metadata xml:lang="de"><Esri><CreaDate>20140701</CreaDate><CreaTime>09393200</CreaTime><ArcGISFormat>1.0</ArcGISFormat><SyncOnce>TRUE</SyncOnce><DataProperties><itemProps><itemLocation><linkage Sync="TRUE">file://\\vt09303a\tprod\TGAG\01_Datenbereitstellung\Musterdaten\2014\VECTOR200\LV03\ShapeFile_LV03\Miscellaneous\VEC200_PhysL</linkage><protocol Sync="TRUE">Local Area Network</protocol></itemLocation></itemProps><copyHistory><copy source="T:\TGAG\01_Datenbereitstellung\Musterdaten\2014\VECTOR200\LV03\ShapeFile_LV03\VEC200_PhysL" dest="\\vt09303a\tprod\TGAG\01_Datenbereitstellung\Musterdaten\2014\VECTOR200\LV03\ShapeFile_LV03\Miscellaneous\VEC200_PhysL" date="20140701" time="09393200"></copy></copyHistory></DataProperties></Esri></metadata>
